,A,B,C,D
2000-01-01,-0.6299339102271608,-0.8502370690741408,0.368393322299522,1.5969934525881149
2000-01-02,-0.6135887067734109,-1.1373085311462487,-1.063664859301584,1.4005598304522549
2000-01-03,-1.1732670852841014,-0.2507129039538559,-0.7361867867958007,1.7180061169834606
2000-01-04,0.052144287432632774,-0.11175163699062116,-1.4360514183447484,1.9042931821080273
2000-01-05,1.9917540324387317,-0.192560451074756,-1.7452227988341082,2.4122453215898108
2000-01-06,2.0895395809897495,1.9666942280476865,-2.6752529527206437,3.6072189869957194
2000-01-07,1.1079625488390168,0.05925755315137038,-1.6483996659204698,2.4129546709228733
2000-01-08,1.3734399482549273,0.025301065912840807,-1.8125295445698342,3.0267498092640506
2000-01-09,0.5067730544043103,-0.4649966129921401,-1.0803606818251195,0.49930810418713456
2000-01-10,0.02626864645665311,-0.21689678451853275,-0.5248118544475543,-0.11500336139070699
2000-01-11,-0.21980369427084973,1.1914537074403873,-1.2460617402367014,-1.044900517854622
2000-01-12,0.5687465472327717,0.9671135321517347,0.18011881993387213,-2.159011082185566
2000-01-13,0.10333915097376406,1.4159841835348106,-0.7958800112029699,-0.3218527712444712
2000-01-14,0.11048845763778213,1.0414249208818163,0.2959456772221153,-1.370755909380478
2000-01-15,0.901913978113373,2.604862771297914,1.0859134394307286,-1.0204743102787357
2000-01-16,1.4542913345382882,4.109006937585993,1.3621307750995753,-1.0451615887463621
2000-01-17,2.113308418661619,3.758836912965431,1.2014632998191808,-1.3112308194394946
2000-01-18,3.428846380370979,4.410769941807638,1.370531539556822,-0.8853875818849961
2000-01-19,2.8914637956429736,4.55137241197767,1.5301640912674057,-0.4257654192222574
2000-01-20,1.3751893011777294,4.837850343080192,3.7036743221134643,0.1188533795738409
2000-01-21,0.16101972403223153,3.61475207303271,4.713882855083911,-0.3390703297267277
2000-01-22,0.49349873774870157,2.988267375266031,5.831506400995248,0.4884820733495159
2000-01-23,0.5877714639937693,3.6755223026852484,6.004614782524381,0.38922153313198915
2000-01-24,-0.6157417045489265,2.658632240193376,5.838839081237186,0.567859967130782
2000-01-25,-1.361690510169967,1.1345432696222602,6.559621324465181,0.884217094843714
2000-01-26,-1.6884580308731607,0.44918974143311774,7.653727586157039,0.004219033986804677
2000-01-27,-2.1194988442743883,0.5475097090142542,9.177104777748532,-0.5279555260703551
2000-01-28,-1.7739138130315701,1.2347149707652156,9.089466998965642,-0.7204728015541138
2000-01-29,-1.2168164897537626,-0.3851208356000364,9.174809197608067,-1.1993283841400855
2000-01-30,0.7368952994847973,0.4780775119009135,9.286659387053547,-1.4166495066426308
2000-01-31,-0.35236905937063834,-0.015294270954981093,9.970985767290596,-0.8068377944911224
2000-02-01,-0.23657939872385375,1.6464193364937196,11.460426462047526,-0.5959815410572573
2000-02-02,0.1263206990567975,0.9748960673897907,13.59674441124974,0.244955663433999
2000-02-03,1.7896124631118016,0.8779399749543866,12.836584884896835,0.8694045752835935
2000-02-04,1.1299096818597196,-0.3436482374190015,13.082659476008333,0.5589832758825973
2000-02-05,0.36662809266531726,-0.27032622713898147,13.880762723589369,1.2819433167661578
2000-02-06,0.7610035037304602,-1.0707641262699883,12.254988274388365,-0.13589754935851883
2000-02-07,0.21527411908578697,-0.5192987653462253,13.036280275027755,-0.24208736501701572
2000-02-08,0.4885689706712066,-0.8898679522030367,11.304137745795249,0.5611326730768047
2000-02-09,1.0598041645936511,-1.1821596057737673,11.70234066312865,0.053448943301058094
2000-02-10,2.9019418399867347,-0.7953230844316374,11.177121810950842,-0.39939832968103917
2000-02-11,1.5913674330014815,0.3849611773900331,11.041305087811441,0.41885549372942665
2000-02-12,1.4250589836746164,0.017049904865379384,11.586852660792669,0.9542347463785311
2000-02-13,1.251116142460856,-1.248550829662221,9.923412442830285,0.826955333250613
2000-02-14,1.5234812746348048,-1.2642877053167176,10.987001052175568,1.1624528373804113
2000-02-15,1.5008808196415535,-2.7010870134169673,10.106718609137493,1.1399236764388037
2000-02-16,2.376237175931367,-3.533330133468196,10.207478386623627,2.1603049842972224
2000-02-17,3.5454245183924584,-2.090159895894987,10.248791545350826,1.3177278296424966
2000-02-18,3.8007433064308764,-2.7912763999883086,8.780815934574745,0.22608138313635306
2000-02-19,3.9553885098101382,-3.2553899630777865,8.759495958342493,-1.3969596671977507
2000-02-20,2.190039114538233,-0.9154521304556713,8.977868781200257,-1.0972972211200722
2000-02-21,3.59910984413564,-1.5042262044113108,8.787725599425608,-0.6284647428721502
2000-02-22,2.2482433175328715,-1.6302147631302961,7.969936463555284,-1.5201382385182813
2000-02-23,0.914738598884536,-1.718498969383132,7.488680150099575,-1.8227616291604276
2000-02-24,0.41805342191538797,-1.7071879495064812,7.139254475852962,-0.7603325479682583
2000-02-25,-0.4426385191012727,-2.5940512040982533,6.377925486784932,-0.8211159480816241
2000-02-26,-1.3753831869372881,-3.089116007894042,5.447263209255663,-0.08615661328285973
2000-02-27,-0.6168729304445438,-3.8677650553361356,5.809315175647879,0.9432189650847518
2000-02-28,-0.5602265527486955,-3.242840337778519,7.766407053819362,3.7291865595367177
2000-02-29,0.3905222194404565,-3.7620054443473347,7.63564364385601,5.375997783584998
2000-03-01,2.4523903520670416,-2.1162958509181973,7.923086951697809,5.6707628644204835
2000-03-02,1.6492155442639984,-2.240451584260462,8.896855163944833,6.145487472764467
2000-03-03,3.113900754292499,-1.498761720179359,8.76975931169014,5.70290799138718
2000-03-04,3.0439415316402525,-0.8509606189064918,8.69727871381503,3.934995096438797
2000-03-05,2.0164420329140818,-2.7237226857555283,8.60054550982184,3.4326007051308
2000-03-06,1.3081186028436491,-4.414973219459893,8.860993588629952,3.246303409888836
2000-03-07,2.3683190164042145,-4.907397008608555,8.295829221548038,1.2758811842005404
2000-03-08,2.923957787004496,-3.436503859899632,8.823974328742228,2.132178312034406
2000-03-09,3.227438170995296,-2.7708418858878003,8.37122480181478,3.5219191911083048
2000-03-10,3.3208110554610504,-2.781845104535203,8.257484986129722,2.7634543126510103
2000-03-11,2.467867364769022,-2.611341441124417,6.526926938901423,3.484965819839219
2000-03-12,1.368444448512615,-2.930905561153656,7.316051658077115,3.091476056841824
2000-03-13,0.9668904123377144,-3.264220107310067,7.695973564369995,2.73018722534024
2000-03-14,-0.5569558391601162,-2.7076580855865937,8.25156308404551,0.5798181394632662
2000-03-15,-0.33135817533971945,-3.8500174925980986,6.038376196359424,1.3491035707513124
2000-03-16,-0.6610681803186417,-3.61102434026423,6.104666081401022,0.4287711809129352
2000-03-17,-0.5681450419185807,-3.6660537352543,6.788694741287729,-0.13435003637506115
2000-03-18,-0.10919541107275732,-4.002501607588922,7.241069959187911,-0.7852884966963546
2000-03-19,1.3478113682204924,-4.255509835651743,5.98665271277957,0.23598400740387293
2000-03-20,-0.9792038571013384,-4.558179285784501,5.479572707892988,-0.752546938594671
2000-03-21,-0.6836495598853088,-4.121422161813646,5.672313273872597,0.027120748580667597
2000-03-22,-1.7393930253986079,-4.910033851582088,6.449526587154356,-0.7432016842107803
2000-03-23,-3.0399745942205625,-4.744801820374502,6.941276827164849,-1.5015882881225426
2000-03-24,-1.9122835135461564,-4.842459607342961,8.509751883945983,-2.0315665912838345
2000-03-25,-1.8529103136463114,-3.1982276264249387,9.143244991203723,-3.152773322450071
2000-03-26,-0.7244365244964674,-3.3821800250803653,8.46728861508288,-5.3695684904858165
2000-03-27,-1.358199569178025,-3.8583035676088717,9.41195128808566,-5.998204527919933
2000-03-28,0.4240080329061138,-3.49962248201661,9.630689579933033,-4.888354842137029
2000-03-29,2.1972129317940814,-4.448595475958534,11.559762049345705,-3.9934477466290086
2000-03-30,3.175607250405547,-6.073568254863435,11.143352764198905,-6.374436541053521
2000-03-31,3.7115004336359223,-5.210401758994262,9.403396240826456,-7.17402985403478
2000-04-01,4.175851036843389,-5.866237142584622,10.548128021090475,-8.19153776102574
2000-04-02,3.1210060600780114,-4.676101240187999,9.836851042539914,-8.535896184156337
2000-04-03,2.7307077891537457,-4.0288511460604965,9.984699438083123,-9.130569425695173
2000-04-04,2.302519100080791,-4.36677318591538,10.167891568399588,-9.622015281704444
2000-04-05,2.279810124437349,-5.054584439479999,10.455903736257463,-8.241665669617438
2000-04-06,2.386455155020662,-5.275385746484225,11.586354116968574,-7.8756114965561315
2000-04-07,1.7162784425088136,-5.0992325829543965,12.465090487646913,-8.927450626239644
2000-04-08,2.04884417970729,-7.068908312726752,13.105080085914427,-9.469212805525595
2000-04-09,1.183638441944091,-6.620988321229765,11.902579347629509,-11.637372473259774
2000-04-10,1.0950144920543405,-9.393992605025193,11.944694763008318,-10.898401922826945
2000-04-11,1.4792035385735351,-10.309024030820723,11.837377551119792,-10.456535230464025
2000-04-12,1.6484033310133914,-11.738333902346632,12.775673298846623,-11.476570667017258
2000-04-13,0.6517662721045953,-11.503171215587237,13.327796832877388,-12.446745088957329
2000-04-14,1.2683832333230076,-11.483027875539866,12.50111389204631,-12.570313765961831
2000-04-15,0.9257758453013512,-11.06361312531082,12.338578898959925,-14.252350051700795
2000-04-16,-0.5420189107870863,-9.522065522889603,12.225718408717276,-16.035622531616
2000-04-17,-0.8394753376137594,-10.44417340451052,10.468457534895277,-16.515253237081655
2000-04-18,-2.049308725804214,-10.361432206266441,11.926256382655666,-15.398961847638708
2000-04-19,-1.6306031781438661,-10.165341065444055,12.204739892930393,-17.58840853021247
2000-04-20,-1.899006735117964,-10.239761072615945,12.610778397068808,-17.425394764737916
2000-04-21,-1.8018531167775944,-10.494855362868943,14.0293703429688,-17.314159129975852
2000-04-22,-3.4142202178451537,-10.722932409101034,14.648388638846917,-18.987368191894568
2000-04-23,-2.804008984861241,-10.786922907969592,15.14946214853544,-18.526602869597994
2000-04-24,-4.003591160405907,-11.882621004171757,14.514366750558526,-19.125393596293986
2000-04-25,-3.5772776740898773,-11.989505991925123,14.27800612301084,-19.74173026630851
2000-04-26,-3.8112357756576,-13.39262723453101,14.36872454390786,-18.54965292771171
2000-04-27,-4.343973171374529,-12.883749351720956,15.155953419767553,-17.79063353937718
2000-04-28,-6.387043696111878,-11.59049768650856,15.08258895679215,-19.89907747057163
2000-04-29,-5.951410273202176,-11.470153956883339,15.3973544540697,-19.57831887789873
2000-04-30,-7.820352358459057,-10.094078192658904,14.830377015232319,-19.375389300525114
2000-05-01,-7.567938147362102,-9.126118251808007,14.736856874484971,-18.235322913616194
2000-05-02,-7.778841327072713,-8.832303980780122,15.310273359956662,-16.54910668046732
2000-05-03,-7.23828418336597,-8.262894111230151,15.509689282926088,-16.154572972296638
2000-05-04,-7.375724660991449,-7.180936039799008,15.998401090010386,-16.07448096690181
2000-05-05,-8.586682017649744,-8.855866095494957,16.819896246633295,-15.218398087665653
2000-05-06,-8.193973497760261,-9.720493089443721,16.911149692427745,-14.210427903810302
2000-05-07,-7.347677912791779,-11.788497334778503,18.365758490916694,-13.729559329795862
2000-05-08,-4.492237858584072,-12.063624745008834,18.011248424117735,-13.355369572286097
2000-05-09,-2.8835577179057195,-11.526761675051006,18.93643094964679,-12.008064730721632
2000-05-10,-1.4046001635190208,-14.576737655052112,18.63784132454509,-13.468737688221857
2000-05-11,-1.681213686004778,-14.5994458467975,18.472849627264118,-15.245765121925254
2000-05-12,-3.7053607869644662,-15.374746615546005,20.229779943797396,-14.3546677198762
2000-05-13,-4.231782564478153,-15.00895303795428,19.655166069528615,-15.40169892746586
2000-05-14,-3.735218398822729,-14.250814664552266,18.91770064159032,-16.69726690490468
2000-05-15,-3.571443332601597,-14.431008167842053,18.203244749881662,-16.654195601714356
2000-05-16,-4.362531283774835,-13.56198260711292,17.438456550466046,-18.943944076885035
2000-05-17,-4.664351947001978,-14.78320738532972,17.337257998290312,-18.28361056606097
2000-05-18,-4.653926340988009,-15.560232903067408,19.02198174385038,-17.94174330230184
2000-05-19,-6.4587053695160765,-15.673768574106548,18.835687545252114,-18.400565827677372
2000-05-20,-9.142155587289801,-16.17541018041309,17.783608786662676,-17.11268323889635
2000-05-21,-8.23115364493424,-15.066694954458164,19.985995892087107,-16.384035687769124
2000-05-22,-6.953888130932566,-14.035756891645661,20.47917566663822,-16.776050697701624
2000-05-23,-6.801249073405707,-13.968740459633416,20.7471504095009,-16.176815961008387
2000-05-24,-6.419693537340739,-13.950751042634316,19.523598886998034,-16.854805815015087
2000-05-25,-6.472919282907535,-12.608002348222184,19.362379892698453,-18.96830640934783
2000-05-26,-6.686569599107447,-11.166366598411313,18.39246554627588,-19.273628093869615
2000-05-27,-6.763288554122457,-10.55752189746478,17.955231264934678,-18.00421082755619
2000-05-28,-6.597922020144167,-10.93584606185164,18.77181640310101,-16.464914373370206
2000-05-29,-7.15782516834062,-10.85171430869811,20.152388662184144,-16.003016945376174
2000-05-30,-6.9591849314734375,-9.86892705288078,19.06248315447883,-16.29708746477005
2000-05-31,-5.844149641911525,-11.702198842121982,18.90532650468181,-16.728280385497307
2000-06-01,-6.285630013226406,-12.10656529548605,17.081733228748632,-19.38889311591167
2000-06-02,-5.865582164448337,-11.184562028663368,15.809189111700379,-20.050665919972165
2000-06-03,-7.730577853825148,-12.18713764735016,17.12922329890643,-19.070876974559724
2000-06-04,-8.124847307965315,-12.293714532279871,17.66668565504364,-19.754029513057844
2000-06-05,-10.0808605687535,-13.752121021469435,16.033748384581646,-18.707067861103475
2000-06-06,-7.458453592407048,-14.437411012371292,16.699133029196535,-18.07678289457967
2000-06-07,-7.247333748037193,-13.536253015981872,15.753520229933354,-16.826929866919365
2000-06-08,-8.390551051526483,-14.052244801008396,15.540335649691777,-17.103594073597645
2000-06-09,-9.513223854079845,-13.15836351526548,14.801066289116434,-15.208802518500047
2000-06-10,-9.317132723993751,-12.49777038471663,13.861336675830895,-15.191219409071541
2000-06-11,-8.535214971061901,-14.727794029023276,12.551114765647185,-16.633680978553315
2000-06-12,-10.512349812576511,-14.318379562398512,12.015661463901822,-15.36628750937
2000-06-13,-9.67746400316335,-14.826348600758827,11.295378445782495,-14.213355718372508
2000-06-14,-12.009759409287035,-15.380092152845874,10.730599834613082,-14.861131388944612
2000-06-15,-13.852260712938062,-15.446477885047315,11.824542981946173,-12.305596255264263
2000-06-16,-15.41055969198575,-14.208790649579282,11.904286732571029,-14.017946559489898
2000-06-17,-14.666795906378718,-15.788506261801093,11.608701262960617,-13.40278360111701
2000-06-18,-15.566812706337197,-16.307451738833066,13.129463180048509,-14.812905653530306
2000-06-19,-16.990516131248807,-17.436142518807067,13.60721096260856,-14.497367391045522
2000-06-20,-16.696003298397397,-16.271886986586654,13.093355146850232,-16.202477751521776
2000-06-21,-17.314814764298728,-16.029802365865766,12.3421848827906,-15.341193718217555
2000-06-22,-16.803133428669863,-15.898770434382872,14.091275596174452,-15.941755516516984
2000-06-23,-15.663361461078123,-14.692434379127823,12.14679769528614,-17.287807355151617
2000-06-24,-14.707046103523531,-13.946387575669299,10.528666582529771,-15.934697247939885
2000-06-25,-16.10743830457261,-13.733709586013102,11.184878167069458,-15.16870080907814
2000-06-26,-16.277096504290327,-12.430738203861685,11.286588976861344,-15.866558967272633
2000-06-27,-15.85835989733188,-14.035611834709766,12.0518202393471,-14.830052552995834
2000-06-28,-14.291622864724769,-13.763041521299384,12.056793535168199,-13.939629928762507
2000-06-29,-14.07844918126633,-12.997181688277362,11.93124910554239,-13.245580583009115
2000-06-30,-15.581551732784101,-12.534761736041958,12.940979627285895,-13.586581770806616
2000-07-01,-15.320114382216182,-11.451068670500238,11.839021606331686,-12.146828983193297
2000-07-02,-16.820434239825158,-10.82442440375401,11.035484467677954,-11.213303776978819
2000-07-03,-15.798266665973154,-10.839535081302623,10.313236128062279,-10.708612358725244
2000-07-04,-15.28428342780567,-10.61514849926109,10.48766455174313,-10.403142643079219
2000-07-05,-16.130231914524604,-11.42180387517332,10.866508057208815,-11.724091344026995
2000-07-06,-16.2910095352397,-10.01332682240005,10.79630689476132,-12.145119416342737
2000-07-07,-17.037684091265028,-9.532782492466165,10.466482596898206,-12.96323093593439
2000-07-08,-17.17302748128536,-8.170492089603131,9.308002842560178,-13.018736529900309
2000-07-09,-18.722025227849326,-8.66886024377418,9.214313903340894,-13.546451399032515
2000-07-10,-16.165728317503685,-8.923961720830372,9.703422352826571,-11.811519273727406
2000-07-11,-17.102925111468046,-9.884090526558317,9.225360479509792,-11.983670339096028
2000-07-12,-17.375290668373392,-9.410158658588937,11.612427065471486,-12.64453799837811
2000-07-13,-17.731519468104548,-8.3308417286781,10.962362377408848,-13.221905726803854
2000-07-14,-19.55468762782659,-8.976265042576093,12.304602179198493,-12.382254221922832
2000-07-15,-18.975368390223636,-9.342466544824664,10.939528657279837,-12.417455096731963
2000-07-16,-17.74725103163964,-9.959644337127203,8.718823959920371,-13.071959753838634
2000-07-17,-16.349148856563048,-8.636542135118741,9.582770548730942,-11.76617196742296
2000-07-18,-15.046662292108127,-8.167486710546514,9.88799656844771,-11.912296463015126
2000-07-19,-16.164029950369066,-8.690692727381519,10.942027775551235,-11.110068939480895
2000-07-20,-16.13490641817058,-9.907772446294434,10.827494390445963,-9.685128809053305
2000-07-21,-17.162528866191206,-11.490353957683244,9.302034577015611,-9.727820269948007
2000-07-22,-15.612180052732798,-11.754443102944325,11.306488741132524,-10.361644383712958
2000-07-23,-15.687047213411475,-12.460800097346663,11.96610241725739,-11.764467479118995
2000-07-24,-15.74090112722208,-13.198939975432074,11.721995949638792,-13.462728877140993
2000-07-25,-14.660638193560189,-14.116810641985781,12.050630135065145,-13.52780758384272
2000-07-26,-14.92719680446229,-14.410119618607991,11.019402456840133,-14.75319511861746
2000-07-27,-15.750054444127123,-14.564661121438007,11.779985089249923,-15.539288495430098
2000-07-28,-15.301197647693092,-14.516010411655623,10.379714358352643,-14.101080288523058
2000-07-29,-13.651193181618067,-15.499599004334494,10.609443460535605,-14.273543340160133
2000-07-30,-13.81515044050514,-15.053203365345807,10.345606779455382,-15.926755430598094
2000-07-31,-13.802723034317598,-14.629811882111289,9.407405261858784,-16.660707832510404
2000-08-01,-15.434190647761325,-14.832968355723393,9.749435966830873,-16.39816346738422
2000-08-02,-15.930167429010258,-13.818480791417599,10.895273691657268,-15.331439417106942
2000-08-03,-15.562563059780402,-12.792016938478662,10.58175773746471,-14.188192284693445
2000-08-04,-16.356529802894176,-12.865377591666535,10.464775855963412,-16.27314383711231
2000-08-05,-16.377046206999403,-13.169985011355285,11.345273559544246,-15.840519946473897
2000-08-06,-17.11644030889382,-12.091205397992633,11.033999877185096,-16.80959615607544
2000-08-07,-16.74106559944624,-10.490318094126922,9.649829762225611,-17.791693598055225
2000-08-08,-16.460243253156026,-10.287748638752747,8.205290611760542,-18.667260820510197
2000-08-09,-16.60791436353923,-11.025441014182515,7.31344762486166,-19.79089189055225
2000-08-10,-17.11319124292284,-9.874747897261102,7.961229197359866,-19.89705478555172
2000-08-11,-18.182694968878845,-9.484069916347487,8.86190541968478,-21.326360203209173
2000-08-12,-19.053064096153037,-9.88037314087968,9.618977832610627,-20.721546701364232
2000-08-13,-18.75257030722305,-12.33843315559174,10.30955077951081,-20.904164005362194
2000-08-14,-19.353676201178803,-13.64211031865873,8.831899406428754,-20.785349722598376
2000-08-15,-16.38194523254263,-16.220081224218326,8.99763127336239,-20.273992811679154
2000-08-16,-15.984910818144463,-15.91160480035464,9.910351310729785,-21.81929694115112
2000-08-17,-16.408731350612307,-16.242076269998808,11.075850644779447,-21.67794259115576
2000-08-18,-17.281905781651854,-16.44533028429614,11.014806913937678,-22.09821424754479
2000-08-19,-17.199373551580848,-16.053327723733336,12.278214598568342,-24.345078138386448
2000-08-20,-18.626671400188936,-17.59091028171183,13.328258760752128,-25.055832455476782
2000-08-21,-18.710445732821505,-15.681223244700195,14.019473399489511,-25.448722255330654
2000-08-22,-18.28331672856553,-14.478319265344348,14.888812041999998,-25.071643378878193
2000-08-23,-17.24248096469094,-12.688092900556533,14.438684287545332,-24.37468425971677
2000-08-24,-17.16536299422705,-12.62908480524174,15.628635497514413,-22.971877756065325
2000-08-25,-19.000663240695634,-12.772351457388533,14.196210091882959,-23.479482598037357
2000-08-26,-18.99424907992994,-12.493257736040675,15.18453301534606,-22.15089630931809
2000-08-27,-18.24135216166394,-12.551095262318833,13.616671387526752,-21.542970601001553
2000-08-28,-19.05371596748534,-12.576495494832313,13.787983799038035,-21.747704317126782
2000-08-29,-16.5211380597238,-13.251958603598375,14.753881558331937,-23.2405424759117
2000-08-30,-16.04278292464724,-12.76359389666284,15.728089230712396,-22.892846443692964
2000-08-31,-18.05129813566487,-13.331487167358643,14.23426227487827,-22.47387720633077
2000-09-01,-17.403095920633753,-11.953696652242295,14.364480217831199,-22.021561446933152
2000-09-02,-17.342793479003177,-12.052516976845272,15.241680117865517,-21.74957936965794
2000-09-03,-18.392919196597365,-12.761725749285421,15.082628370970598,-23.656854858124504
2000-09-04,-18.53235966503486,-11.731052806194695,16.149221644124243,-24.92002452661234
2000-09-05,-18.24251775819055,-13.088109262306165,16.412755493807207,-23.719951765758545
2000-09-06,-18.50339301886177,-14.111448168024816,16.877894294891714,-24.880932394964
2000-09-07,-19.311417402758746,-13.893171094740397,17.586974765951133,-24.641609830031662
2000-09-08,-19.437102458959,-14.051577984363972,18.32354734333829,-22.626371624650034
2000-09-09,-20.84895621300469,-13.628230509174017,17.640516426208166,-21.340637937203013
2000-09-10,-19.192945301870555,-13.713667158570821,18.091197202149626,-18.99519910661698
2000-09-11,-19.775526770859365,-13.829139237138966,17.747036474233024,-20.608297090405575
2000-09-12,-20.58920549860847,-14.26482114124534,17.279626634210775,-22.07065452291792
2000-09-13,-20.58362293390472,-12.193555430286759,17.342272071914344,-21.487497317722447
2000-09-14,-19.545872828605667,-10.37187037900798,17.194246505651975,-21.43075449290166
2000-09-15,-19.46798919676725,-9.459517530114638,17.707653805509736,-22.082702370071637
2000-09-16,-20.839380931628064,-8.63747456966175,16.438118208952112,-23.0984958329024
2000-09-17,-20.76059832878434,-8.501826311090738,16.07741471546335,-23.748207590486565
2000-09-18,-21.002445175640474,-8.308506837406448,17.407748633286023,-23.406749048309855
2000-09-19,-20.981255183089292,-7.695944915165816,15.215329287166975,-22.9266888012098
2000-09-20,-21.92124366759215,-6.813974538886271,16.011112298531483,-23.4970281730361
2000-09-21,-21.986439066405268,-8.413643394139513,14.150787651295712,-22.809250938650266
2000-09-22,-23.113489696994918,-8.373832088637238,14.089767567328284,-22.484911151401803
2000-09-23,-24.618999360626017,-6.4334009088995705,14.369254776483249,-20.77846710167372
2000-09-24,-24.589872416396602,-7.583930450154555,15.246173278806467,-20.484385652110912
2000-09-25,-25.114550756999904,-7.32856514989679,15.423005299809919,-20.242211868102856
2000-09-26,-24.282406701441758,-9.800874445122144,15.785740384004075,-18.99892523325848
2000-09-27,-23.819378083481006,-11.947268370290876,14.36893468432747,-17.996867465205625
2000-09-28,-24.507536608883484,-12.546547378228164,14.423777744338482,-17.756728970005035
2000-09-29,-24.523699960537428,-11.982227701376068,16.574227141823844,-18.071201103573838
2000-09-30,-23.984511284917133,-12.544132841622728,17.561389989056668,-19.516434974294
2000-10-01,-24.939996430324168,-13.477002529370122,18.41701764040749,-19.411522507416166
2000-10-02,-25.26911040356992,-14.260780179545387,18.207100012251363,-19.760509573335387
2000-10-03,-25.53374921478905,-14.633889818781617,19.00359479614977,-20.97521047651325
2000-10-04,-26.661404335692218,-13.196978859718671,18.071624068914996,-20.56671353197082
2000-10-05,-25.108095276987978,-12.713397737651578,18.950918738143308,-20.596604146822642
2000-10-06,-25.12528898721033,-13.119941434019625,18.892507675971785,-20.02985111317837
2000-10-07,-26.160441901688596,-11.14328569331387,18.423349455392596,-21.62659133455047
2000-10-08,-25.8691634221105,-11.986551685043871,19.595674256088373,-21.9397283841856
2000-10-09,-27.40561078280459,-11.600485660787946,18.571721936327716,-22.827310626539074
2000-10-10,-28.001537182383004,-9.7760460267425,18.023003062359535,-22.392950578610083
2000-10-11,-27.987755116270453,-9.85266143982479,15.816399702171411,-21.18046746524621
2000-10-12,-28.01533378308593,-7.758610309505716,17.261120385511205,-21.71659691262076
2000-10-13,-28.154037217069398,-7.302223950501758,17.480471763032092,-22.035448388690842
2000-10-14,-27.617976089427806,-7.336110524593136,18.60914417435248,-20.918189421534535
2000-10-15,-29.347202560858207,-6.530710535659986,19.139259029828356,-21.237384562839573
2000-10-16,-27.937614445176834,-7.0952021567653505,18.707434042726565,-23.009350301531004
2000-10-17,-27.32736742997945,-6.468024944096493,19.498948569678284,-23.764553625778994
2000-10-18,-26.794843861708873,-5.743000974987892,18.085235773332,-23.597045212058152
2000-10-19,-26.411470645623528,-5.980854425669478,18.53098577512534,-24.00615420575539
2000-10-20,-26.680447783820366,-7.069313814935475,19.96025643357392,-24.246083693224143
2000-10-21,-26.708391051155523,-8.31925475358265,20.091712898465563,-24.548004199243895
2000-10-22,-28.103735304816105,-8.094634369538772,21.13592150422339,-27.747020924854642
2000-10-23,-29.089046466487698,-8.134274627998874,21.153268580516247,-28.655757447871036
2000-10-24,-28.34739556945666,-8.538157816352543,20.699804574944714,-27.781840362100848
2000-10-25,-29.619927883639722,-7.67283717292015,20.445827406485044,-27.192019358508816
2000-10-26,-29.312772017706028,-9.058231602305511,22.19203774404539,-26.59299029694015
2000-10-27,-30.612095362521526,-9.939320757991467,21.784648834842276,-26.577863953736575
2000-10-28,-30.613353609687177,-9.808679119610918,21.697673682590533,-25.18219065352384
2000-10-29,-32.10020531315525,-9.480784482285094,21.905394615188417,-26.138004012739984
2000-10-30,-30.966750740422242,-9.858647948114397,21.972992399719537,-27.763869600079193
2000-10-31,-31.791751488352965,-7.955694407913455,22.695230375131597,-27.512518491257442
2000-11-01,-32.634246906329984,-7.739824354043252,22.96098291150152,-27.087022492321353
2000-11-02,-32.874840068189734,-7.743629702542906,22.839530786529583,-28.30956119618243
2000-11-03,-33.044975353191056,-8.281166135828267,22.630101946510568,-27.535875066780196
2000-11-04,-34.428230736042224,-8.56957394576176,23.964099260875763,-27.963681102485427
2000-11-05,-35.13334132608108,-8.318826124360573,24.540829765528752,-28.5796056534678
2000-11-06,-34.16798733031582,-7.068531585840837,25.83005109270733,-29.52303305988423
2000-11-07,-33.47536734995612,-6.525766356466403,25.927530420781153,-30.204336685721564
2000-11-08,-32.9827012874015,-7.6272389879172575,25.363390180481623,-29.509258176626297
2000-11-09,-32.09900404387467,-7.529285248697361,26.478540232290847,-29.401166993977576
2000-11-10,-32.82640172510153,-8.475891369156784,24.828687237796842,-27.995594402085587
2000-11-11,-33.59909326551234,-7.084911061142038,24.028545192396233,-27.765548783301266
2000-11-12,-34.43249382472968,-7.181116744402381,26.96092300707427,-25.94084193735898
2000-11-13,-34.37359174384275,-5.883663985561906,25.275179334769625,-24.3059496035928
2000-11-14,-34.37100490994449,-5.0668144551395615,25.250584942568874,-24.272067577533022
2000-11-15,-34.0541370131576,-4.907798644057674,24.35001227646454,-25.183184634488125
2000-11-16,-33.0889077959646,-5.453701430320733,23.202498632272057,-24.3248846979189
2000-11-17,-32.501574102084625,-3.8793201944002,23.517682952460074,-25.12923997373618
2000-11-18,-32.77179014247028,-4.782367829884515,22.41321906435769,-26.196996445388066
2000-11-19,-32.86378437245719,-3.455601428728765,22.45901159995349,-26.584229761839275
2000-11-20,-33.17221135018358,-4.16655053856947,22.602594239476804,-25.65896965133204
2000-11-21,-33.00730960402124,-1.6954510126409756,24.66299871053952,-25.927492697469063
2000-11-22,-34.231631437584255,-0.9623647551591791,25.925314536776753,-26.74548944762447
2000-11-23,-36.455396923832865,-2.001744731015511,27.074169867245253,-26.347074750534492
2000-11-24,-36.828513264820124,-2.281515238667163,27.595640065389755,-26.453042868208026
2000-11-25,-36.13176933153948,-3.5899426823293297,27.322907334481172,-26.494474906433226
2000-11-26,-34.16349092893819,-3.864722493099971,26.701363931697717,-24.11330708354378
2000-11-27,-32.56684159292752,-4.285521412598872,26.13991551947017,-22.761765983115307
2000-11-28,-34.563234644453736,-2.807338079800447,28.806074296976696,-22.441676261792015
2000-11-29,-34.81787223346151,-2.5548501972654347,28.805851674084334,-21.904814649082727
2000-11-30,-33.62173423271402,-2.020254862709304,28.69650311066136,-22.608498174046797
2000-12-01,-32.95758875048056,-2.749725303829883,28.801818802686295,-24.666466786676164
2000-12-02,-34.010907426873416,-2.761010306688321,28.91599701642174,-25.23797457500232
2000-12-03,-33.484331247965606,-2.939102075220876,29.849118419600217,-27.119004561273833
2000-12-04,-34.30548748565692,-1.136473231719337,31.07677780850849,-28.129230652858777
2000-12-05,-34.183031337784854,-1.8876582889781903,31.00529842301315,-27.524483513866034
2000-12-06,-33.382178824314245,-2.6808941043384085,30.16841972984664,-27.726256631187624
2000-12-07,-32.579938955319356,-2.3349863133420223,31.041454927908003,-27.89633363286969
2000-12-08,-32.37987590568588,-0.6932731204402627,31.015576372387482,-28.39306328598671
2000-12-09,-31.910320701653955,0.13864298978502598,30.629392749537725,-28.843748058314123
2000-12-10,-32.963396777468255,0.21025625457657593,31.35301739751895,-28.256410438998614
2000-12-11,-32.80212765130077,-0.30130616473028804,31.701444573473147,-28.725383530798627
2000-12-12,-33.411798421934996,-0.34941155828804393,30.898381602898485,-27.60528098873136
2000-12-13,-32.924247994068175,-1.4860114474860586,30.227173729244164,-29.99051851897981
2000-12-14,-33.168069001049254,-2.248070234535799,29.978352150518234,-29.449324815825634
2000-12-15,-33.19680023273389,-3.6784465780516085,30.291533186663226,-28.94693260373076
2000-12-16,-34.80721891732836,-3.733568120094078,29.6602954498866,-28.878260237683445
2000-12-17,-35.63910570548193,-5.300477548450927,31.330844576755872,-27.15752369172601
2000-12-18,-36.63018784544732,-6.059440995138925,33.32601525716321,-28.054510860062383
2000-12-19,-37.169709446883104,-5.277299090523255,32.83188485313854,-27.292455212676796
2000-12-20,-36.270958823476256,-5.486188719098469,32.95606812230284,-27.934648666568123
2000-12-21,-36.87906414478432,-4.378230061675537,34.256698069807165,-28.76458606149361
2000-12-22,-36.80693300096834,-4.051218607925025,33.677274808634095,-28.23100209387366
2000-12-23,-34.75489774951783,-4.960835919862122,35.69546776770887,-28.58754372300518
2000-12-24,-35.328996169111264,-4.882229090473178,36.36713167532257,-27.73101220121641
2000-12-25,-35.4194495126724,-5.976266476694237,35.363621705429,-29.04283183651723
2000-12-26,-36.45890497388403,-5.389419813145882,35.13839204599013,-29.317822016617104
2000-12-27,-36.1403931915469,-4.483711465317919,34.99752996475941,-28.009858070804263
2000-12-28,-36.90516685578125,-3.7816754859866077,33.708936878751814,-28.328175372073886
2000-12-29,-37.87516867138583,-2.8928796746302186,32.60091411447978,-28.82518113439623
2000-12-30,-39.488508628880005,-1.1354795617558358,32.745053574780194,-27.951900652572565
2000-12-31,-40.71673857345695,-2.6473175135717404,31.364151016928982,-29.037670319812776
2001-01-01,-40.07870924049504,-2.565603900105903,30.680846882347712,-29.776226218514118
2001-01-02,-41.461865684708734,-4.329208656883532,32.83131983951315,-30.024809931848832
2001-01-03,-41.93167084800546,-2.3840113052918497,33.3427309357855,-29.510442729898934
2001-01-04,-40.50158843205276,-2.042578879403584,33.836614196819056,-27.693058135089565
2001-01-05,-39.18235537049844,-0.7448319239597376,35.01668795071022,-27.449784959923164
2001-01-06,-37.724423646059186,0.11404865955070997,33.13957436145275,-26.816399937585874
2001-01-07,-36.94264314937966,-1.6858302164425503,32.238116501556135,-25.38431471778951
2001-01-08,-35.79997340093271,-2.1037096371385386,32.7395809586905,-25.43115464756685
2001-01-09,-37.19909830599347,-1.17248907023912,33.64178226223196,-25.14914935817947
2001-01-10,-39.293293634411995,-1.5011247841097792,33.737071720296484,-24.210183470605273
2001-01-11,-40.35488154782384,-1.3336227983995235,34.5733668890067,-24.48856827931712
2001-01-12,-40.44821102895709,-0.943958876950632,34.02895074585567,-24.437018601233596
2001-01-13,-39.37918667969524,0.2765378955477562,35.76229047486795,-24.61877519276932
2001-01-14,-37.23803253052005,2.539345080030803,36.15674081602808,-24.321178692720814
2001-01-15,-37.666126498722036,2.0718051346360675,35.861104211173895,-25.976053630092522
2001-01-16,-35.85888119624079,1.0647269457790969,36.98778085401871,-27.88551488460535
2001-01-17,-35.46394201972177,0.8486177550787225,37.15059528516555,-26.82415325104838
2001-01-18,-36.12710384969442,0.7127612453836799,37.12624813031993,-28.16029708825696
2001-01-19,-36.3114134456307,1.6648111841739444,37.5001296368544,-29.555423127596914
2001-01-20,-36.934232240007084,2.419611454406406,38.73580889409912,-30.860694284064284
2001-01-21,-36.18041141200057,3.6787060064658803,37.08685083891143,-30.58780135923501
2001-01-22,-37.23666840236996,2.4216022653887457,36.44324846294846,-29.446376227085665
2001-01-23,-36.816985634421634,2.232330321169988,35.37569960874893,-29.545477018867054
2001-01-24,-36.39760683880987,2.8454642956116842,35.49594928764514,-30.238469223865337
2001-01-25,-36.693734918835105,1.8881888282235304,37.214817614642605,-28.025490835865824
2001-01-26,-36.70703695795669,0.8479619661323086,37.78054604135567,-28.00063894812692
2001-01-27,-37.166362893632574,1.3937387431554633,37.06830522896406,-27.495209020223164
2001-01-28,-35.87820017365364,0.8436015044432956,36.941884890362566,-29.337430096409662
2001-01-29,-36.03937428278191,0.9598973951413369,37.333639389003864,-28.356755401970588
2001-01-30,-36.39059794786903,0.6240845398687842,36.562670499026275,-28.21129045928831
2001-01-31,-35.45012671845854,-0.8493925014715134,35.54913361362078,-29.1810079728664
2001-02-01,-36.297233185356426,0.5540589542510119,34.503274289966825,-28.52311704001427
2001-02-02,-37.15700567534308,1.0929447716428276,33.720045676998275,-28.68843905234378
2001-02-03,-38.27286652804324,1.1474169307074389,32.880589662619414,-28.761577266764334
2001-02-04,-37.9896644078566,1.4132710906545645,34.070343361448494,-28.422481504595392
2001-02-05,-39.47244967795091,1.1019124820150665,36.16768743219112,-29.150881553126343
2001-02-06,-39.77829623614806,-0.004296768041957666,36.627869542919875,-29.459567263343747
2001-02-07,-39.569235900296164,0.1706966692345921,37.83795686804535,-28.365499222099327
2001-02-08,-41.93312800635304,0.03451232790446898,37.69385177647401,-26.115082417908788
2001-02-09,-42.373802837715914,-1.0091561939769984,39.17144966156968,-25.587331507127352
2001-02-10,-42.98991921349921,-1.4702176220244934,39.79829917752735,-26.756386668242364
2001-02-11,-40.089298122190044,-2.7337470002071256,39.381364355037405,-26.516226923026075
2001-02-12,-40.204654921285346,-1.5166547879775796,39.851512253252636,-25.928077425068345
2001-02-13,-39.124844987179536,-1.4660454418990658,39.061789969606885,-25.593953269401986
2001-02-14,-38.688037376986685,0.04009491137820542,36.69869390178778,-25.288173759473853
2001-02-15,-39.371816954798,1.1483670703128495,35.41641282815794,-25.12622445771925
2001-02-16,-39.87995828690845,2.753457958286247,36.7272799176248,-25.318593785463957
2001-02-17,-40.10754916690712,2.6724063585068936,37.21433799543745,-23.018863573335597
2001-02-18,-40.018424852381585,2.9798839868982014,36.811821286505904,-24.153253732879215
2001-02-19,-41.242112546228526,4.059192510279343,36.526467572927025,-25.251919902684936
2001-02-20,-39.75952417206691,5.699453526848158,35.950643644492104,-25.263543392275817
2001-02-21,-38.73349167586482,6.213789607052463,37.40492798190689,-24.984802236536016
2001-02-22,-38.55507546114771,6.592355342346312,38.89561821227266,-24.832667104700334
2001-02-23,-38.99487990450451,7.445881355556528,38.12718396018587,-24.942583370723334
2001-02-24,-39.17661117462163,8.321507087658293,40.647193258154545,-23.824260767850134
2001-02-25,-38.7844463402607,6.6298499214229185,41.21522448438083,-24.253534032841852
2001-02-26,-39.7675175749993,6.4017776066819465,41.98718599212231,-23.914445009591667
2001-02-27,-40.18209908601174,7.058805428945925,43.90881569120502,-23.45472523809115
2001-02-28,-41.04450963381831,7.247283398132495,43.33348151325061,-22.4995029023122
2001-03-01,-40.68728439359343,6.2173629281143175,43.80017644582213,-21.64579056722335
2001-03-02,-41.200663056446245,6.912719027080453,43.36541928974681,-21.17872550185538
2001-03-03,-40.61135398166645,6.079338085171946,42.49811681211801,-20.762863763747095
2001-03-04,-39.650577719070625,7.543176814842313,42.693512468411406,-21.611284591778947
2001-03-05,-39.51178513685122,7.688644497803366,41.57002026331173,-22.099540261052997
2001-03-06,-39.290161742451495,7.226719555423726,41.05159154626066,-22.60879142194344
2001-03-07,-38.90313617773109,8.30657324215451,40.06681907542113,-22.552435333150793
2001-03-08,-39.16888006102219,9.009804481551681,40.853122330429066,-22.155569917788643
2001-03-09,-38.4034522203252,10.74034795088067,41.00592431087986,-22.530395318603645
2001-03-10,-40.12078152685426,10.779995196232193,39.65230174777569,-21.151103345532462
2001-03-11,-40.74012336572704,12.01160999479007,38.46761026640357,-21.929065832263248
2001-03-12,-41.182148105756596,10.401310817297244,38.7228467050769,-22.574615366338595
2001-03-13,-43.13615693683867,11.57661218481838,39.29864574277547,-21.735960042180068
2001-03-14,-44.448301450028495,11.417771660761925,38.739198920754944,-21.111815512479094
2001-03-15,-45.997077575050355,12.520663727611309,38.75332510820509,-20.72700232259356
2001-03-16,-47.4583500659345,13.561896489077862,37.60315855718045,-21.176536466869912
2001-03-17,-47.981200874417674,12.632698460319979,37.19498824007381,-20.718235054063996
2001-03-18,-47.819275501180584,12.44298196432208,37.83141583596648,-20.650222788171966
2001-03-19,-48.01186296840167,12.495435523884735,38.270583919127304,-20.669709602849487
2001-03-20,-50.04241115833044,11.995335377903507,39.14661020468861,-21.15177738050442
2001-03-21,-51.632138325103895,13.646733533689869,38.14376631195896,-21.378393725299837
2001-03-22,-50.646772550242325,13.831535243308636,38.51050972498994,-19.040347339160277
2001-03-23,-49.95821496281181,12.222363545999844,38.576402462124896,-19.255943289392317
2001-03-24,-50.625479599588495,11.050246742866591,38.72989549778496,-17.021788685597155
2001-03-25,-50.78310366907519,10.171488788738975,37.9269151161084,-17.036828810374836
2001-03-26,-50.689124138140826,10.56621558027782,36.99485522650046,-16.072749357799708
2001-03-27,-50.8224523855713,9.283497595380533,36.0867950257651,-16.70515934700806
2001-03-28,-50.32606482529208,9.425480854358998,34.87285557011218,-18.253900499232973
2001-03-29,-49.00979565314233,10.715508060795152,35.49976175466236,-18.27027704914133
2001-03-30,-49.59516692925013,10.233077700875256,36.215742554495776,-18.429240565367653
2001-03-31,-49.88574667499362,8.853985766136331,36.74633347958181,-18.80804542632354
2001-04-01,-50.06766110698709,9.374640778554678,36.75688055423819,-18.268957701104952
2001-04-02,-51.07881781127796,9.108686982612648,38.20748364827258,-17.293054120207525
2001-04-03,-49.84423933321919,8.255267854261914,38.62300365207167,-19.516238172233564
2001-04-04,-49.988296553447384,7.329875482171477,41.201933077905046,-18.413918512511472
2001-04-05,-49.818122536938596,6.928562239734177,41.64435814597873,-18.969007014320038
2001-04-06,-49.5415758896454,7.4733195699776145,39.68701201383028,-16.026655060161808
2001-04-07,-49.20378360377971,8.993831522112597,39.77765860570783,-15.997197671448605
2001-04-08,-46.72112924784121,8.04581196861588,37.63972712734383,-13.951602198192187
2001-04-09,-46.32040611474685,8.719341003207852,37.55673066353928,-13.600166135196103
2001-04-10,-47.58451363277536,9.088715518215762,38.735904323825466,-13.62069384302723
2001-04-11,-48.55713562322455,8.239747572885125,39.15198811053965,-15.044213270570886
2001-04-12,-49.815886535137466,9.46140743438729,39.596019663359144,-15.530459303193107
2001-04-13,-51.81776755846815,8.147484144971516,39.12235276015947,-14.507175851416553
2001-04-14,-53.12992924767319,9.289534015995553,41.2248720571994,-14.821745658113754
2001-04-15,-53.738378360470996,10.50744876469055,41.545913239544056,-14.521381148629393
2001-04-16,-52.59890010546835,9.798547221287702,41.78803077466508,-14.598886477983264
2001-04-17,-52.46115520904634,11.469661625405429,42.33013457364863,-15.594121374841537
2001-04-18,-52.51593077302009,11.230040338729232,43.36883814180685,-15.506873694996477
2001-04-19,-52.46041297531363,9.842165441147852,45.196546681921724,-14.908466300256855
2001-04-20,-52.19594307642925,11.580284537355283,45.51138434324799,-13.379954648331495
2001-04-21,-51.88303810467489,11.14737363779831,45.087639596659564,-14.042338330828509
2001-04-22,-50.92503245839103,11.842773720650671,45.52531422727734,-13.683831094918807
2001-04-23,-49.87210819063353,10.665355255880195,45.58555044780089,-14.105493737631692
2001-04-24,-51.394596061832836,9.378986430062978,43.519568354040246,-14.625496826568986
2001-04-25,-50.012138003275076,11.45049443067763,44.57311521035189,-13.836097035764233
2001-04-26,-49.501915751914375,11.699230284467905,44.70261654878977,-11.569427564726944
2001-04-27,-47.95485886877724,10.752633602226506,43.68392651617307,-11.84946289370097
2001-04-28,-47.413415492291605,10.75173186469117,43.02398359425031,-11.88672350875011
2001-04-29,-47.27320749360924,9.448683258604905,42.773645289315,-13.05039421184647
2001-04-30,-46.588966128322404,10.02448205740759,40.588154917588554,-13.898727389913816
2001-05-01,-45.34927551236904,9.194415650311052,40.96443191530886,-14.043948199693398
2001-05-02,-42.74975126834136,8.929235960970871,40.173622778090866,-16.099808104287792
2001-05-03,-42.81055366530421,9.735001906544767,39.28183539094339,-14.488730997179566
2001-05-04,-42.23772315856468,10.817746004937483,37.710535625795615,-12.7215330956074
2001-05-05,-41.131960019490116,10.182103864557545,37.701150651607314,-12.006529385466997
2001-05-06,-41.43979911079462,9.204266745722098,35.42901238526666,-10.813714233022267
2001-05-07,-41.16282607894102,9.63980411106565,36.11022436526846,-10.36514797295113
2001-05-08,-40.447163860160536,8.560940208483585,36.307637308846495,-10.70823484858674
2001-05-09,-40.76844731266526,9.32358319677345,35.01021592244384,-11.723826162327573
2001-05-10,-41.081258825823,11.140109318236286,34.6789462903304,-9.72806378866381
2001-05-11,-40.54578581725454,12.162615156794716,34.44327202734791,-8.646782671356885
2001-05-12,-41.1532318039359,11.854867781089538,33.039411412439684,-8.485786362001654
2001-05-13,-40.065114302940195,11.741837487793747,32.98411266984018,-8.131865872568117
2001-05-14,-40.8927787672132,13.416480733177416,31.915116365456196,-9.061252392863368
2001-05-15,-40.69965537800576,13.90430121995335,32.93396269064011,-9.409441262810954
2001-05-16,-41.34098456367304,14.416541474685094,32.893733422524676,-9.073886604500753
2001-05-17,-41.21187119772672,14.896630372531714,32.114225564484286,-9.181913921809691
2001-05-18,-40.17624019044058,15.571372891157266,33.01125261540995,-8.513097641578419
2001-05-19,-41.423376083133526,15.723265388850324,31.401969328149036,-9.2040237139652
2001-05-20,-39.24474798957083,15.495735206365945,32.43938377208703,-8.4055959176737
2001-05-21,-39.028676086324396,17.555299323148112,32.021540357979326,-9.582587588986213
2001-05-22,-39.17394721827224,16.066581251979482,30.88814409924226,-8.914507769857954
2001-05-23,-39.83596577692339,16.511691433169823,31.882721191261087,-8.23350178944676
2001-05-24,-40.46750190135673,16.777034095372453,34.79704452984177,-7.44828732389305
2001-05-25,-42.17223555550222,17.80592307556906,36.34273473180127,-7.768952530034427
2001-05-26,-43.906159247221915,17.302099724468807,36.044710593659616,-9.23727379892987
2001-05-27,-42.3455838388552,16.992294909856263,34.710585860947845,-10.594298315003714
2001-05-28,-40.31139708123822,15.605267910679297,34.50790763020414,-9.702280894404453
2001-05-29,-40.235776699942015,15.396260399633993,34.308251663949584,-9.95813782846055
2001-05-30,-39.59571245837442,15.609537080802232,34.53893536776918,-9.119674679579038
2001-05-31,-39.39682763733828,16.58365571149525,34.93042596348522,-9.800904531170499
2001-06-01,-38.06548095794354,17.59648029576832,35.74636893100658,-9.510168817781532
2001-06-02,-38.510973243134316,18.132333801166936,37.26832949805272,-7.6930314709071235
2001-06-03,-38.19751006049839,15.789064159653458,35.981588350502825,-8.20759618205337
2001-06-04,-37.604712188731625,16.4523224241752,34.926198917111265,-7.883974000066379
2001-06-05,-38.50592710194236,16.155591967233477,36.21769714505967,-6.885015210031994
2001-06-06,-40.123429495834195,16.618587215615662,35.92255450772168,-7.04206518148284
2001-06-07,-41.08835352316546,16.775933072774425,36.525680267872566,-6.206360158248071
2001-06-08,-41.69502442777201,16.05390132347637,39.01585841764525,-4.372615142974819
2001-06-09,-41.961147864702006,14.884015543175018,39.619288326338356,-6.014464308006666
2001-06-10,-41.41827691758503,16.835288897516968,39.4469788819944,-7.272572912582417
2001-06-11,-42.37078724164596,17.515265439391175,39.515585612097816,-5.975882832269172
2001-06-12,-42.912179426388505,16.453098910450397,38.66959413056447,-6.772015855787345
2001-06-13,-43.17344024697179,16.96897424402592,38.487337428981995,-6.68340726705522
2001-06-14,-42.24805987837972,17.542572497372102,37.244361574158205,-5.806412924498242
2001-06-15,-40.656122179040366,18.327358404164556,34.72580961850839,-5.561075870109498
2001-06-16,-40.187685648988754,18.473759709518564,35.286999024799655,-4.7961753754196526
2001-06-17,-39.98348733765965,18.823704762486543,33.07080638830438,-5.066685496006009
2001-06-18,-40.503775362865866,18.317972768923006,33.947622228534925,-6.137779658090843
2001-06-19,-42.321540808594946,18.841354643277253,35.09601501396824,-5.561867532872763
2001-06-20,-43.674236689623825,16.99890857065271,35.36241721292642,-4.633968918250367
2001-06-21,-41.969650065511225,17.7026537458344,37.162758214351065,-5.043345819443602
2001-06-22,-41.45008056005554,17.63702960331051,37.672099514646085,-5.57297097544061
2001-06-23,-42.2527281034599,18.9073491707066,36.999805518097524,-6.039880017738365
2001-06-24,-42.02185828116831,18.445804600478986,37.15422415070553,-6.268196442749196
2001-06-25,-42.17610730103928,18.904044644251513,37.18946251979425,-5.584088899647843
2001-06-26,-41.66024851438909,19.55451730568552,37.4418710892765,-4.058427585473728
2001-06-27,-41.59393283626565,18.291209908117278,37.78508427461047,-4.385998534807975
2001-06-28,-42.07894281809388,18.70130700883919,38.055098606827926,-5.245242812203057
2001-06-29,-42.01754776984685,18.17887579166741,40.009813015790705,-4.453583079812843
2001-06-30,-41.23771100196969,17.694479965080873,40.05214202491103,-3.2964019619949694
2001-07-01,-41.293126553464504,17.13065044590801,40.03577465636348,-2.6080165522097274
2001-07-02,-41.99264036772195,18.366338482204313,40.68662990304867,-2.9382303657273985
2001-07-03,-42.72321570811304,17.348221327293114,39.069233574004905,-4.129902557588741
2001-07-04,-42.400781669641425,17.331853428807623,39.8724240422805,-3.2771584782802905
2001-07-05,-41.50058728121855,15.595831993342678,41.511768599352564,-1.282028145245523
2001-07-06,-41.81160432649061,16.52942965729182,41.433151154833965,-1.1506810789376076
2001-07-07,-42.449892046140604,17.566208463418526,43.20605215205855,0.5076540032563754
2001-07-08,-42.25846611878822,17.80359308168552,44.307119275849196,0.425422585820708
2001-07-09,-42.89347906949571,18.61907774862766,45.7290171234258,0.25374997184005543
2001-07-10,-41.46517453000046,18.41586080904024,45.626407206007705,0.4435712433316267
2001-07-11,-40.2915730738638,17.720693371023504,46.625332701328674,0.24784179267994594
2001-07-12,-41.382213380209045,17.978631569031133,46.56573580026491,0.854800156231204
2001-07-13,-40.17085079331232,20.081330814984852,47.1724887274256,1.122498062066099
2001-07-14,-40.948655249713084,21.55947978860337,46.545443105420425,0.8574563412402876
2001-07-15,-41.99241670667115,21.466330467395576,45.77183481607956,-0.8010425607644107
2001-07-16,-42.514762858002285,23.153821539149728,47.13771303664017,-0.275227732833379
2001-07-17,-42.228237477566815,20.88230821385524,45.05569535463337,-0.2921608988297202
2001-07-18,-41.21238364993842,21.813419887038446,45.589499111109625,2.3915530446407933
2001-07-19,-41.0614951257438,21.48527541199611,43.76396585544911,3.228665524332837
2001-07-20,-41.558112552302255,21.9253117088313,42.60807022702775,2.3653293271544023
2001-07-21,-41.021021640936475,22.33809100920828,43.40074300818991,2.688477205780845
2001-07-22,-42.54477077415258,22.246755882566152,41.43180133357238,4.328666738966701
2001-07-23,-42.617047614852346,22.89591964138543,40.277987750881145,4.190815230213691
2001-07-24,-42.13472636164951,22.974233353251197,39.42942838771314,3.0949972482162504
2001-07-25,-41.557892741485745,25.096784190927593,41.02875501275266,2.180322162680952
2001-07-26,-41.72203166728285,25.382551073707017,41.86162146369628,3.68838259729654
2001-07-27,-42.37922046873002,25.421793660566898,39.92626512692226,2.591258937553147
2001-07-28,-42.649199672908075,25.704022469703133,40.539120250856705,3.288292835119843
2001-07-29,-41.9031976120448,25.298525272412512,40.32373109169337,2.582762179453466
2001-07-30,-42.45868672188665,24.48507826701257,40.5712883471901,1.0269255082042956
2001-07-31,-43.51601528149788,23.387800246639255,39.599590887484766,1.1587253376884463
2001-08-01,-41.35849199367557,24.882803113062156,39.382246749441165,2.1211509083662627
2001-08-02,-39.44313894615034,24.05945219148782,40.15243579303715,3.213311702441648
2001-08-03,-40.79076574337381,22.02844657148811,40.60409730036143,3.6500182113556
2001-08-04,-41.13456715630789,22.889281114319576,40.97300320387171,2.86190686617867
2001-08-05,-40.73533031614524,21.97287240328232,41.92090155650338,0.6666843704653953
2001-08-06,-40.93704087418988,23.500589149202675,41.0876722748769,1.442235905636583
2001-08-07,-41.26961449900435,23.863969485269045,41.98694752646814,2.929658503628408
2001-08-08,-42.892995831969934,22.344935187921166,43.70747747977912,3.093808952736452
2001-08-09,-42.08480439308048,23.450501053045016,42.276656890734145,3.1145123093293656
2001-08-10,-43.94105380086251,22.98098409561773,43.47802472399316,2.089107820566939
2001-08-11,-46.743788591449636,23.896990451150053,44.33043546741652,2.2755070289563015
2001-08-12,-47.16096391191747,23.707336986040325,44.25785895453624,2.759744713597268
2001-08-13,-48.11553414585996,23.100003534850345,44.8464071252795,1.1010200676565014
2001-08-14,-47.937205604998965,23.28894900788654,45.99516475847569,0.838522220887111
2001-08-15,-47.64494684146142,23.998217394993564,46.09726536640043,0.17367669757891246
2001-08-16,-47.66013733865516,23.15144542115121,45.38939435091484,-1.609980482106133
2001-08-17,-48.37367832125782,23.15785485203799,46.933579772762336,-1.6927756905458482
2001-08-18,-48.4293769228885,22.600282111855428,47.52469261804236,-0.33013917512439983
2001-08-19,-48.47172667510102,22.709099562964543,45.89949466667971,-0.47443506733839796
2001-08-20,-49.22003006174491,22.411670470272252,44.518919289490256,1.6198486678433335
2001-08-21,-49.78836536521143,24.078014910374343,44.80460632703925,1.915913759606447
2001-08-22,-49.3922145513018,23.038853835671926,46.02842118290719,0.6338246505638272
2001-08-23,-49.13868837215076,23.59616620020702,45.89577040483014,2.066432466299551
2001-08-24,-48.872956097414814,24.30851050791033,45.695588418952816,2.2583809480585613
2001-08-25,-49.32653500059288,23.30890392773327,43.82389721596529,3.0370950415392164
2001-08-26,-49.83947762087895,22.810324458291504,44.620459648249835,2.288849748372771
2001-08-27,-50.275219042849045,23.52382416530319,44.35038600702728,2.7509862890947643
2001-08-28,-51.04198850019122,24.91289801312855,43.61528682818109,4.176222126351885
2001-08-29,-49.58873223004863,24.240523808594038,44.65650993291147,3.9779383251078944
2001-08-30,-49.786353800886666,24.807929098670147,44.822829261776924,5.503920277640122
2001-08-31,-48.39467114884917,24.539008870387875,43.852192148960995,5.203112097047156
2001-09-01,-49.393914025967185,24.579283179446644,42.03150223330886,4.074074787478833
2001-09-02,-49.98520848145821,25.226285289410352,43.43051826973493,6.323195500379669
2001-09-03,-50.125286645019735,25.080019708161995,43.59259568534855,6.853108278070981
2001-09-04,-51.271032028169486,25.6072056974795,45.21275978184463,7.571311170196641
2001-09-05,-50.834808340234524,25.13875975685055,45.353565618269705,6.654880168169351
2001-09-06,-50.10974961097642,24.249719561614924,44.99553125496882,6.087187308543579
2001-09-07,-49.979670093539006,24.24643693629638,44.66663814620044,7.029593083130952
2001-09-08,-49.91882706231161,23.42450547162871,44.73326589349677,5.677218727027718
2001-09-09,-49.9418698024979,22.751946294709665,44.87089115350825,5.4170857216592205
2001-09-10,-51.02115308474235,24.61377096732601,42.65726253795782,4.454119672046921
2001-09-11,-51.14820608372254,26.158560771146515,41.42810360146185,4.452533912017625
2001-09-12,-51.361626993490965,27.144909029515922,40.66197025573579,4.601305334391712
2001-09-13,-51.21168157191548,25.133765236560272,40.52621027998711,4.181374919701142
2001-09-14,-51.66967659286982,24.310299501688682,40.017818359299866,3.6212202688894712
2001-09-15,-50.51821986696177,22.117763108156854,40.76249816817211,4.251722837461684
2001-09-16,-50.08991489769217,21.385704465125833,41.001405498196206,3.1001166760797565
2001-09-17,-49.645653172519545,19.525703841778263,42.53032195632754,2.0016861913426283
2001-09-18,-50.70862675356815,19.58250499091564,43.22916435204895,2.98757561022265
2001-09-19,-50.39896705187268,19.03995743066255,46.11064828836925,3.428210705155212
2001-09-20,-51.679589923856035,18.83484965989018,46.4000018983113,4.327088807215621
2001-09-21,-50.04922183443412,19.28560421241744,46.810848003184105,3.6373214584296876
2001-09-22,-50.421816760877924,18.68744442163685,47.4292214978242,4.975445724997138
2001-09-23,-49.97280818707855,18.3758922680817,47.856828013795116,3.431923591003966
2001-09-24,-48.883347842576306,19.396005224593345,48.068774815002,4.449601329571873
2001-09-25,-49.7798455584178,20.479590894210084,49.34313114248171,4.469897465983849
2001-09-26,-49.09784898031091,19.55687429101015,49.87879931497164,3.812218097445316
2001-09-27,-49.6216154931471,19.308868708808404,50.53169388218788,4.494776261406693
2001-09-28,-49.570521517268745,19.284873772452777,48.76450652684673,5.601447743145581
2001-09-29,-49.09201499501601,20.36861930942421,47.64096449317484,5.263450042573847
2001-09-30,-48.94414006516521,19.716016274077457,48.59027192889483,4.8978387641943035
2001-10-01,-48.04718023401519,19.296654173371188,49.724223391217144,3.5699440737154826
2001-10-02,-48.006384466416904,18.55141339625896,50.510751246560815,2.0862718199975
2001-10-03,-48.833204114944365,18.939319059002138,50.46209514624025,1.6833483040977675
2001-10-04,-49.25918307927268,18.084846548031592,51.47191116839046,1.409310973656627
2001-10-05,-47.809301818684425,17.276658287786567,50.94205733863114,0.6454873174105854
2001-10-06,-44.59790031237546,17.40301887550146,50.45655695605324,1.0654767808826633
2001-10-07,-45.64493407672326,17.250110277027815,49.92905491561242,1.6521213374164438
2001-10-08,-45.233568607000805,16.914337539199067,49.16717702647124,1.1576959371634072
2001-10-09,-44.156923751502674,17.613150311662427,48.63460861537134,0.15747935103956934
2001-10-10,-43.750311700831745,16.766792072569434,48.58892647598873,0.42636854068035723
2001-10-11,-44.39266381201417,15.5442254825376,49.690786899023294,0.5336910640597615
2001-10-12,-43.902959186536904,16.25230619587154,51.013056798241585,2.3132958089424833
2001-10-13,-43.54599832325588,15.566891364627168,54.04819305007884,3.874998858460324
2001-10-14,-44.415490371775036,15.030391051523383,55.58054784740875,3.880133512589876
2001-10-15,-43.25387863807835,14.652234009507744,53.889026402014025,4.067002615443907
2001-10-16,-43.05798026324346,14.603015754544913,53.86908598324194,3.2253046620037162
2001-10-17,-40.972388288795734,16.28520332681401,53.41900761915678,2.3176758473466452
2001-10-18,-42.34402102606969,15.788742997878122,51.69289292992853,3.070775530660784
2001-10-19,-40.82609176686105,15.45285417888634,51.10302868340187,1.8674901395221661
2001-10-20,-39.51533450835012,15.055302833703193,51.48806036558296,1.8548318402903787
2001-10-21,-40.079095844924396,16.40183673369096,50.21253080999486,1.4349939915398764
2001-10-22,-41.605054645003456,15.24798060304344,50.30080803927379,-0.23783365574893667
2001-10-23,-41.66578289612483,15.665026293472579,49.659401703063466,-1.27790442571722
2001-10-24,-41.409182118726,15.61260246493296,48.91162915385984,0.1776353297044544
2001-10-25,-42.16787502095636,14.810714559796658,47.89652331258447,0.2506602804709802
2001-10-26,-42.545936085151304,14.675550901427535,47.75854864161932,1.1013365704876554
2001-10-27,-43.45299296466786,16.305286372776337,47.50052149075747,2.1960845841763774
2001-10-28,-43.421543102744785,17.670053321953873,47.61771038588533,2.220479183254456
2001-10-29,-44.83780446255338,18.250111299614122,48.08628566991952,2.75080509192472
2001-10-30,-43.30306548838111,19.581767104806797,49.93342371055905,2.8624507611252548
2001-10-31,-43.49504562723582,21.017781326834495,50.47750306331277,3.1278409012041406
2001-11-01,-44.78522540352112,20.76041757084416,50.833859065211634,4.120876678386347
2001-11-02,-45.07385196458579,19.417570645280527,51.052719143361095,4.980868889639992
2001-11-03,-44.74272745355073,18.745177051480717,51.198095154976315,3.2473970110782493
2001-11-04,-44.49946752927863,21.625399152699337,49.287475427576005,4.643584707382015
2001-11-05,-43.72277807663051,22.551165307576632,48.88061349844543,3.9370821574162527
2001-11-06,-44.28568774679316,22.862994342661587,47.710847402054675,3.944160894005836
2001-11-07,-44.7786264943008,23.196403696098233,47.687559016372035,5.064897682723414
2001-11-08,-43.362210768809014,23.69718847340089,48.28628389087966,5.872322261375571
2001-11-09,-42.32377359540541,24.3831465338557,48.28042762119143,5.640145739687655
2001-11-10,-41.89784759152153,23.60328380473316,48.67664203245179,4.552917734371563
2001-11-11,-40.50833215149595,24.331961425319932,48.931345568619264,4.385549357900858
2001-11-12,-40.86115605042591,23.21944724197804,46.72491626012701,4.636661947855055
2001-11-13,-39.69426837146501,23.105124762787984,45.28236146111164,3.4321045943758057
2001-11-14,-38.64368696578816,26.02344391061622,45.8952115764699,3.478930191242456
2001-11-15,-38.31010313990759,26.94247993321806,46.44862561058353,4.078416892800706
2001-11-16,-37.68983206979249,27.518047762394716,45.72478538185432,4.201643552389808
2001-11-17,-39.64446204948895,27.16753192683265,47.932649650271536,4.4660343490274865
2001-11-18,-40.378116084614106,26.479850527342105,48.03653179708434,6.367997887676536
2001-11-19,-39.08617957414948,26.49841640631261,47.87600612046286,7.112078698313546
2001-11-20,-38.11592882248083,27.320210733437495,46.35067796316866,7.562184708889157
2001-11-21,-39.18409336107154,29.216534519172672,46.244818393455404,7.650073958960393
2001-11-22,-37.85986360735532,29.446791792655873,44.172922931552606,7.1683908387779605
2001-11-23,-35.35202527078685,29.940202683094835,43.283320884959636,6.62457736469939
2001-11-24,-34.204710648557835,29.43758301317704,43.74788970665439,6.49672250834294
2001-11-25,-33.33486837483212,29.22712371017541,44.18894686075917,5.04207500250307
2001-11-26,-33.13795073096766,27.956273840501154,44.08099903253556,5.224218498632662
2001-11-27,-33.17328368452621,28.207711968573193,42.79798854017407,6.403413549246514
2001-11-28,-33.62234157941176,29.911492436789235,40.727658745588315,7.407049405033989
2001-11-29,-32.02302358877324,31.09187014332755,40.4419820569867,7.055778854562124
2001-11-30,-30.132911779929124,30.58376125006844,41.22527922128665,8.513425467615793
2001-12-01,-27.023292987714683,30.8131346817337,41.87579906611298,8.660858319639436
2001-12-02,-26.61028845833854,31.393052188175716,41.525599097355666,9.46315723758614
2001-12-03,-28.325354267161476,30.270068265945007,42.69656528201577,8.529677733698689
2001-12-04,-29.584067379863217,31.43871732062725,41.794943031907565,7.783607530238993
2001-12-05,-30.07781583160319,31.696491891486104,43.03101158486819,8.26979805321377
2001-12-06,-29.858506105637627,31.60484063617524,43.29753362527807,9.057154987371073
2001-12-07,-29.68950839676483,31.205439566309927,44.31885337806823,7.808796706899919
2001-12-08,-29.980292620227452,32.665670630346234,45.425791546248206,6.497309242307364
2001-12-09,-29.51928819313459,33.30377909601442,44.67631100642402,5.799200147357188
2001-12-10,-30.412664922892613,35.057759686276945,45.406207166603686,6.975544966973054
2001-12-11,-29.846149782044964,36.212990923384716,44.9410914062652,8.443192419992734
2001-12-12,-30.352320691679093,37.95809692949582,45.93322535853052,7.814492057453413
2001-12-13,-31.9894543926112,38.17210154140645,44.96803863753485,8.371740299450083
2001-12-14,-31.49337113979731,37.00861611975886,46.100441449045654,8.745468672096184
2001-12-15,-32.99101473604866,35.454270971000824,45.77629683912469,8.164977673936546
2001-12-16,-33.32271335790608,34.64927415936707,46.28850392416121,7.076087730491068
2001-12-17,-33.33670022422712,34.81147944978417,44.62249240938769,7.02929212393078
2001-12-18,-32.01368179324814,35.843207341683105,44.85698099565607,7.33734211325277
2001-12-19,-31.424451163005173,35.171614336917386,45.430238972133495,7.289629350159373
2001-12-20,-31.242270567426708,33.2307819041219,43.57072617020875,6.251561359932582
2001-12-21,-32.45305674135153,32.445892308906444,44.454329785028406,6.9924578747796025
2001-12-22,-33.75605807714451,32.25609293584834,44.47306627369297,6.351641515563561
2001-12-23,-34.06612707099889,30.62143333152583,45.48229247314182,5.2001939811832845
2001-12-24,-34.46625144570166,32.46920140801142,46.079706360962625,4.276458471419596
2001-12-25,-35.05922831374988,33.12306717937749,45.14498957342337,6.208558245856569
2001-12-26,-34.870876641992794,32.95078228752705,43.71826024261179,7.0757398995418255
2001-12-27,-36.0257261105237,33.34199355412998,45.29638421703059,5.399753067599001
2001-12-28,-37.828655205061025,31.282911883462162,44.63992963022902,6.320050203721667
2001-12-29,-37.73979278964197,31.35230304873162,43.4211249432692,5.594123089552809
2001-12-30,-38.89674677841728,31.97213068393006,41.51432328578978,4.790914194981799
2001-12-31,-39.25151537896658,32.55964890445875,40.74174426632336,6.177903720731048
2002-01-01,-40.19810592809668,31.692990617882767,40.340467293280696,6.923433810803726
2002-01-02,-39.81270970775738,31.426363665982,40.89448722069862,7.749137116456917
2002-01-03,-39.353594321055894,32.735781690693436,40.92250088143903,6.704509784260039
2002-01-04,-40.606417677326654,33.918107647596976,40.377128661261416,5.657243499501775
2002-01-05,-38.282544472793354,35.51601224449428,39.119816811074415,4.579712789226488
2002-01-06,-37.150545848624944,33.50404758591361,39.58985412609863,3.335419782126701
2002-01-07,-36.47639880057926,34.54588060583582,41.48327463250298,3.2063649399604235
2002-01-08,-36.21705862284602,34.67879792968455,43.65566926785868,5.474375577110958
2002-01-09,-35.63602249135797,34.017598778268905,44.38105550603924,4.217336037853251
2002-01-10,-34.42089701569813,33.48929850489139,43.66156821249685,2.1662996045497946
2002-01-11,-33.44054048768207,33.214269678686264,44.29401249555908,1.9063231835238161
2002-01-12,-33.53701247442389,33.56951162310611,46.30838881739189,1.4445244366084418
2002-01-13,-33.261057793530874,33.33304398026022,47.48907367108678,2.711775485542952
2002-01-14,-31.824698001841703,32.66880197140502,46.901518459180885,2.6099335162494293
2002-01-15,-31.710753127005695,33.47827862879194,47.73444911331126,3.20721001295431
2002-01-16,-32.18831888924173,32.922058075793856,50.87904958761385,4.498618755772839
2002-01-17,-32.90380497608541,31.043606955294344,50.18845683931058,4.963279144831258
2002-01-18,-32.041298930647486,31.69337957050394,50.97997347509735,6.320103811919839
2002-01-19,-31.416070821251846,33.21993317519033,52.94959954870221,7.418848920392857
2002-01-20,-30.885226455281614,33.91555431840871,54.040824645621,6.922349863717287
2002-01-21,-31.473030966184957,32.735663035950154,55.11497534410053,6.517075199129424
2002-01-22,-31.4917708722076,31.714474038685925,57.021385827813944,6.144037723599341
2002-01-23,-27.56885421854088,30.973120587456485,57.272089343621204,5.315227711314258
2002-01-24,-27.313204373267467,30.45920241869723,55.63341790821179,5.749636217703116
2002-01-25,-28.60272113318879,31.716671509851672,55.692849345265394,5.624595025406415
2002-01-26,-27.384102387233014,31.702347446496184,54.65314195384868,7.902406655869392
2002-01-27,-26.88854604330101,29.726280487840228,55.959574408108764,7.7197821175749874
2002-01-28,-24.26603279022646,28.631668520760233,54.728982490504215,7.774614515534537
2002-01-29,-23.69262414797979,28.873237300625053,54.0322725652076,7.625860645565567
2002-01-30,-24.114612099670932,28.172406688648945,54.34838211042337,8.184014717217803
2002-01-31,-26.279131694904052,29.515784731672007,55.965318025731015,5.63721120066951
2002-02-01,-27.472269619046745,28.828707558592907,56.0306467049417,6.802989633115928
2002-02-02,-28.180303904527463,29.527489582435084,56.35539446137839,7.122829927885682
2002-02-03,-27.633151048192932,29.322340952936038,56.73650777105668,7.611925955713397
2002-02-04,-27.60559516435112,30.155816249191766,58.75838949447276,9.456448563103917
2002-02-05,-26.02391918066983,29.766773313280805,58.531135106718175,9.54561535207008
2002-02-06,-24.86524223953503,31.15051297120421,58.87936727908336,7.839685381712198
2002-02-07,-26.39486551626064,30.81138861938952,60.06786532671837,8.582984859153306
2002-02-08,-27.603030959487857,31.916372649967343,59.968628388717036,8.618632800722947
2002-02-09,-25.497935861521647,31.43758480371497,59.788280265468245,5.943459247742748
2002-02-10,-24.819295374407165,31.408805513592615,61.152567376037204,8.055816153878343
2002-02-11,-25.72174977733598,32.43448504263211,60.30853434076709,8.093183564826626
2002-02-12,-25.155327632213705,33.580835441667496,59.73543172758208,7.101932991299955
2002-02-13,-24.920470584593527,33.71896244610353,60.38878730191118,8.545898802177781
2002-02-14,-24.64347407394181,35.03751976427698,61.20172619067789,9.401459684897123
2002-02-15,-23.6756494263368,33.696531587591956,60.557644787217356,9.33117436867834
2002-02-16,-23.89646067556389,33.20189578120329,59.74743366154863,9.17306212549967
2002-02-17,-24.77001562752412,32.532057341925395,61.34540380459047,10.692959645323654
2002-02-18,-23.166263652755404,32.35377193492447,59.795626714661786,12.109724375234991
2002-02-19,-22.018761572084998,31.736534894711145,59.48376476453974,10.145239935060975
2002-02-20,-23.100503652165497,32.375934350476705,59.91959226989162,8.484423050449731
2002-02-21,-24.701820372057927,31.4577515875229,59.20354513990319,9.089469097282834
2002-02-22,-24.58029896380518,31.5598253552402,60.28308676899149,9.95135086288196
2002-02-23,-25.7932182307179,31.54868314612832,60.215325013870824,9.287708415882582
2002-02-24,-24.351417153630603,31.744406667011653,60.910212151682764,8.26919645137931
2002-02-25,-24.285011082576354,32.98410189030539,60.2300426749809,6.808339811953007
2002-02-26,-22.20533566250611,34.52723197770841,60.80419795721236,6.177811606029757
2002-02-27,-22.211986889095257,33.324643701836486,61.83186317432734,6.1194587536750324
2002-02-28,-21.4284283030726,32.410172439904855,62.0732837946853,7.796092298957215
2002-03-01,-17.47134933465298,31.455999600276204,61.70451484444478,6.94463346680057
2002-03-02,-18.781147519735264,32.67461444206472,60.163693958347444,4.03371128478234
2002-03-03,-19.113282032726737,31.868651422903266,61.45437085127899,4.193454332009774
2002-03-04,-18.230623394804727,31.107166880708206,62.7019761873236,5.14021520820421
2002-03-05,-17.083835019180828,32.91428366580945,61.62484035646421,5.723853652866927
2002-03-06,-17.019285342425636,33.063488987067956,60.68000973127417,4.267773780677515
2002-03-07,-17.496851923604428,32.513486417081815,60.612961961441826,4.612006621848003
2002-03-08,-17.258278096244783,31.947018371159093,59.59738132160587,4.142038406559688
2002-03-09,-16.940839478090606,32.62453377743924,58.81483887549012,4.246383028651477
2002-03-10,-17.493647327794925,33.28969426482257,57.59235627481818,4.814247722630038
2002-03-11,-18.795580736286922,33.3741118645117,58.74400974998257,5.656745615044505
2002-03-12,-18.611549437760733,33.14100119149994,58.72651051293552,6.1048992495971515
2002-03-13,-21.589735929881293,33.09320500462889,56.601055682478965,7.745200492157467
2002-03-14,-21.50616323154379,31.122595450339137,56.68110419994168,7.9293595277346025
2002-03-15,-21.490175555274863,30.561364489826435,54.9834239707869,9.541140058507487
2002-03-16,-22.584847398447643,29.818381838461782,56.21851900797386,7.976377269761506
2002-03-17,-21.54886796115254,32.46650136060302,54.125819592835526,6.963645885276348
2002-03-18,-21.980988260440604,31.341528777018063,56.71697471463773,6.933465973011338
2002-03-19,-21.71860972122353,30.500958361726386,56.4845621949853,7.410158696367573
2002-03-20,-23.099934709849165,30.97030349828328,56.41854648963839,8.84191371920721
2002-03-21,-25.139658599854027,31.693963903735362,55.60684513361532,8.51997188642523
2002-03-22,-24.774298337826366,29.59168656029822,53.97434690995142,9.270332835119408
2002-03-23,-24.209208033423966,29.937143935654472,53.23715153094161,8.973262390741763
2002-03-24,-25.835748188655494,29.970505388420555,53.4272023155132,6.583287749657268
2002-03-25,-27.30712025611051,28.94669181168684,52.56687779125413,5.520974024438823
2002-03-26,-29.78043600553267,29.668446631096742,52.54612766206822,3.219727430805451
2002-03-27,-31.40017669091778,30.493137525000574,52.81251434304067,4.03035742779238
2002-03-28,-32.9093341128904,30.65429215525351,52.81874901598975,2.533406961994528
2002-03-29,-31.688294237177352,30.621463508336006,54.54520784958597,0.8143142026275394
2002-03-30,-30.946615445612597,29.893295237644768,54.27334232053713,0.5374186773505387
2002-03-31,-32.122023934771384,28.66995648210046,54.770528075240975,-1.481004274976698
2002-04-01,-32.484589950683414,28.42375614080564,54.52691668457289,-1.510221269306161
2002-04-02,-31.84592199264114,26.892350218512192,54.73632517689831,-1.623453584312852
2002-04-03,-30.795991379294797,26.29347271981673,55.02650328718688,-3.848937240302946
2002-04-04,-30.411042720505417,26.986838885256606,54.8528571000451,-3.416613305686508
2002-04-05,-30.179439658946794,27.940134031980776,54.237286738118634,-4.141368065771173
2002-04-06,-30.046869296260102,28.416621624137814,54.42427865952666,-2.5603166803139175
2002-04-07,-30.231924887365857,28.80654961303215,54.48065363140071,-3.1739907703242634
2002-04-08,-29.02812099384149,29.03734338731066,55.20739239674806,-3.3185160527798123
2002-04-09,-28.997100679183777,30.595637526961394,55.45942404565969,-4.176327670012421
2002-04-10,-28.76210971410674,30.109599900311935,55.69393187910244,-3.1968862979120707
2002-04-11,-27.4768545485806,30.934374625141523,55.53333025151987,-3.8269125891095315
2002-04-12,-27.652750170992366,31.41374381507407,53.74419911832547,-2.9588859612414082
2002-04-13,-26.95017090249072,30.388092482478324,53.97671295590425,-1.9988883961288808
2002-04-14,-24.9257994100879,30.353986664988337,54.56220205507699,-1.9266119848144974
2002-04-15,-23.077840902449427,30.554903008138385,54.83658689087553,-1.0862457084166577
2002-04-16,-24.077621976911562,30.452662994885902,54.577981853682545,-0.801347070840384
2002-04-17,-22.021348212296395,29.895177913193123,55.788143345504466,-2.126713027906736
2002-04-18,-22.985664656172133,29.805969107632407,54.81138016192983,-2.9507711507592926
2002-04-19,-23.533687923552222,30.7553547836455,55.1093477471997,-2.090771725143129
2002-04-20,-23.238115794995814,31.06039672728905,54.58406657169398,-2.397391359181409
2002-04-21,-20.84441712706637,30.380173148399354,54.16439387417843,-2.314282291657271
2002-04-22,-20.994021894184012,31.12496967789957,52.5177265779791,-4.262486042069649
2002-04-23,-19.85447772867618,30.34351479914855,51.44136849031103,-3.0728215470596947
2002-04-24,-17.49517778569317,30.80932749830546,50.32935249692711,-1.629262005473294
2002-04-25,-19.586909978736543,30.96920235816273,51.756577685004956,-0.6213488441310544
2002-04-26,-19.425014393857197,31.137709946038132,50.78143328894176,-0.7641161649853819
2002-04-27,-18.320423087048407,29.580856188886983,50.774086437191926,0.5694876058571411
2002-04-28,-17.98333539134972,28.747647711150893,51.09113473057982,0.6908030160157771
2002-04-29,-18.963344644897376,28.639885705384415,52.60003943243715,1.41029766730535
2002-04-30,-18.79434374723762,27.93921230772242,53.88721415425152,3.705375372932081
2002-05-01,-17.912911099039235,29.739957319052934,54.061658569774025,4.46587785673039
2002-05-02,-17.581413452901533,29.303757528495467,53.44166693058192,4.817083047984335
2002-05-03,-16.244004124585906,29.78460982589969,53.57336496121577,4.2404564232281166
2002-05-04,-14.522094430680065,28.476048970545996,55.70987560713401,2.6339929890009532
2002-05-05,-15.5337391887811,28.930163385347324,56.797050673419335,4.106007106238064
2002-05-06,-16.97418435579746,27.660091357404102,58.11688584888084,3.371196883312265
2002-05-07,-17.053524112520854,28.096660316117728,57.57224286304861,4.751088229697839
2002-05-08,-17.517378626402376,27.70460296604294,58.204369214091614,4.130464245178984
2002-05-09,-16.571003436645775,29.238213706964483,58.97007314742129,5.010682339596713
2002-05-10,-16.667553546520782,30.27501273945312,59.21943936173344,5.788983701323846
2002-05-11,-16.696537044261408,28.29865468300895,57.82478238596553,6.512417459483605
2002-05-12,-16.33488928059447,28.18808326666147,57.82327201163103,6.618323393984325
2002-05-13,-15.297507158925095,28.50821227977679,57.87030752861039,5.500465956696335
2002-05-14,-16.09033222949866,27.196040200083942,57.58300901851605,5.907980823052681
2002-05-15,-17.488059705013455,28.072562628211458,57.37699975982197,6.2342405281537685
2002-05-16,-18.03376862362601,27.36419569222942,55.637199529534776,4.255603972428701
2002-05-17,-17.316910020846137,26.87571484513141,55.91457342551903,3.8643832736732606
2002-05-18,-19.68689493214517,25.17425488648758,56.66832537514826,4.524512582171034
2002-05-19,-19.315137415660338,25.67558053380752,55.304728391216855,3.998664341480094
2002-05-20,-19.22912974869814,24.581371540548368,55.88823408900093,4.237257032006258
2002-05-21,-20.594311455830844,25.278427077062897,54.80010732066613,3.9496185324386817
2002-05-22,-20.897165683131266,26.63559296139586,55.670775624101644,3.5505163880876527
2002-05-23,-20.282242305435293,26.17767758797607,55.36006369877933,3.3333998713179067
2002-05-24,-20.17183939651614,26.524556658595046,55.88907524600775,2.9520727828064808
2002-05-25,-20.51109528223142,26.737831287502335,55.26275518375155,2.4957226610854093
2002-05-26,-19.69303014728741,26.26248279050713,54.93629011097923,2.307505323291417
2002-05-27,-18.43497095832601,27.61503172902894,55.380953474995835,3.32882936435104
2002-05-28,-19.29050623012111,26.147587453677435,55.50167411533366,2.826704802835528
2002-05-29,-18.97009158766872,26.55226150174949,55.60356333176331,1.9780682849926077
2002-05-30,-19.435430116619013,26.51427873364878,55.20726858372171,1.0544530532741259
2002-05-31,-21.37746770597561,25.529524549584835,55.42035102142273,1.3542477262926114
2002-06-01,-21.81278732192751,25.97616190005082,55.93546557860251,0.5252057670940837
2002-06-02,-21.87568899650899,28.199339150048964,55.78752916913666,-1.2789537077789106
2002-06-03,-22.246030041402044,28.98953539177781,55.946217902742255,-1.2438126235787106
2002-06-04,-22.536925228332144,31.324808642029872,57.00832918569151,-2.4197690440002453
2002-06-05,-22.27920299445548,30.920875663274575,57.47445368752157,-2.3947729209871405
2002-06-06,-22.00950850586877,32.68408733682116,56.07083398501039,-2.4157776222696414
2002-06-07,-20.65157728181648,32.41419825593767,55.55877412173537,-0.6713867609904904
2002-06-08,-22.054243370763377,31.31867373442955,54.563938440290485,-0.40616112578067964
2002-06-09,-22.220929929976432,32.87473555598943,54.28177706262139,0.716938540930204
2002-06-10,-22.51363628005739,34.40338391666754,53.22488480766981,0.9043902857607374
2002-06-11,-21.612964424946096,34.46392689428719,52.85464598498907,1.0648124598139175
2002-06-12,-22.586299853842515,34.55488108728656,53.16164202920653,1.8093442209716653
2002-06-13,-22.961903300254445,35.03324675017143,51.50741613581,0.6669644781233841
2002-06-14,-23.118008131481233,34.038008802781874,50.77830011295967,0.9560425149408309
2002-06-15,-24.094899962252416,33.13878805605163,50.91864392084285,0.8869988933830435
2002-06-16,-22.223621978932453,32.420072315812476,49.495353250615786,-1.781455485096638
2002-06-17,-23.29070656676379,32.720194347451745,48.552280405494976,-0.5770970698188691
2002-06-18,-21.275108108021918,31.903929631970552,47.699460927052634,-1.2085817252068036
2002-06-19,-22.95770119079811,32.129342103198205,48.089744136418325,0.005106168951729995
2002-06-20,-23.607384455153582,32.46484323426514,48.05230881250196,0.07537692521847468
2002-06-21,-22.527036270225288,29.627157892414342,47.605317028927665,0.4441157458505702
2002-06-22,-20.144754124142203,29.847175042933507,48.17773909806626,0.09853876653842958
2002-06-23,-20.499374535363255,28.20671571442098,48.478484873745906,-0.060203773479289596
2002-06-24,-21.550162236616266,28.291555094527524,48.137552027643125,-1.3765768885260825
2002-06-25,-22.190854096399732,26.95933375461998,49.04702330336709,-1.669598925178787
2002-06-26,-21.976197997269246,26.470741038913257,48.970186527833164,-4.187852090504476
2002-06-27,-20.44339755235025,28.18174560283837,49.20790456472188,-4.953676024787036
2002-06-28,-20.09628925520943,27.124679158206074,49.455134986588035,-3.7751414748831786
2002-06-29,-19.516200000667496,25.9728975747987,50.369963438805854,-2.2260651390624444
2002-06-30,-20.494258872279946,26.241398724275616,51.76260765293596,-1.812808836709003
2002-07-01,-21.972734922947943,25.65125311997929,51.47502694551594,-2.5541850800305372
2002-07-02,-22.26116902222922,26.565175277701545,50.728311665339405,-1.675909339010214
2002-07-03,-23.26389257355494,27.71401098372136,50.830775253125076,-0.14848546744431834
2002-07-04,-23.331559259815204,26.202227020841846,51.687086559285554,-1.8626390438831357
2002-07-05,-23.18650098918809,27.287354672136864,51.24971945932807,-1.4505294870466294
2002-07-06,-24.084434359339856,26.702550508469216,47.75934793028772,-1.183775854120804
2002-07-07,-24.358015193884707,24.359991322312773,48.225331621982015,-0.3362600267025335
2002-07-08,-23.71587970359732,26.13394670461846,48.51250776525441,-1.84686423423621
2002-07-09,-24.375663578107893,23.900669281671235,48.14266124612334,-1.015451614104129
2002-07-10,-25.07313060406467,22.82680892090979,47.103089249521496,-3.258265494287499
2002-07-11,-25.466108036785403,23.31499959146141,47.001973111120115,-3.5863248836474995
2002-07-12,-25.575717678769713,23.715831714604366,48.01282297407031,-1.5698680860810152
2002-07-13,-26.404673589084826,24.146058616668842,49.52704046438386,-1.9387366583367036
2002-07-14,-27.573602419162782,24.83282298709352,50.81286788099094,-0.04475508654704563
2002-07-15,-26.82154653073557,23.39928130300129,50.01311767517209,-1.315299972750706
2002-07-16,-27.021218621820122,25.597142939501474,49.55709576170671,-1.470426167444286
2002-07-17,-27.562509179010824,24.540708409970836,48.95094110166262,-1.262291274977496
2002-07-18,-26.163080450788673,25.81306961531196,47.484376561327025,-0.9278154970123487
2002-07-19,-24.83588195472582,25.110810241610903,48.56190719550638,-0.6925870072652532
2002-07-20,-25.438891281262993,26.362129861557847,51.00714634064859,-0.573788960111188
2002-07-21,-24.601748662648088,25.321471288873187,49.8292029136507,0.7864359438897263
2002-07-22,-25.65616509108411,26.323321177919137,49.088367493530455,0.6481735977653309
2002-07-23,-23.916100928314115,27.92130222789763,50.04442600290717,0.6987280052325854
2002-07-24,-22.033631038071064,27.097887661201682,51.42910452442864,-1.061114040537381
2002-07-25,-22.72501888625506,25.803615123780954,52.19230915090248,-1.6142928577781386
2002-07-26,-21.68511823304504,26.34437398247826,51.25896471293498,-1.2744897075137926
2002-07-27,-24.243549872163204,26.248804525483784,50.68885455341796,-1.572170759203842
2002-07-28,-24.12411713092874,24.783078377535674,51.04627076270431,-1.4208508070564845
2002-07-29,-24.49242457947928,23.53265301719315,50.779108067414775,0.22857033933530224
2002-07-30,-22.480397140714643,22.637952156715137,51.326240299702114,-1.4117331818528616
2002-07-31,-22.670733988981333,22.12747566867846,51.77563383910306,-1.1126921935426555
2002-08-01,-24.52784373485048,20.92688712944474,52.16934627221557,-0.10983638904451243
2002-08-02,-25.845638744544303,20.581546919120857,53.99016952514269,-1.2522918001168337
2002-08-03,-27.471148576092062,19.598751159373634,53.9188154525235,-1.7592129123584606
2002-08-04,-28.39865496089637,20.485812061654105,56.6741585644113,-1.6716340256999993
2002-08-05,-29.647292370522997,19.644536803553592,56.69173242493283,0.4216568845835924
2002-08-06,-28.542620697694105,21.358571876502925,55.60154310468062,-1.1135809754472934
2002-08-07,-29.42667421638587,21.52949104517812,56.3603943728615,-1.3582097019665662
2002-08-08,-30.03820939006273,21.663467894845787,56.30722163859257,-1.301594720420829
2002-08-09,-29.10507677267413,22.276548059990002,55.276994067059924,-0.5043858114382854
2002-08-10,-29.691499686803073,22.98217721946837,53.65666069968961,0.7143089657391627
2002-08-11,-29.074811749837366,23.28341056108704,53.803390499584985,1.1633789265374743
2002-08-12,-28.572524030878,24.173158319957306,56.04602180484332,2.6361276810363643
2002-08-13,-28.697883564408507,24.709345746960782,56.592784248968925,3.227431740032278
2002-08-14,-28.257331597356625,25.189724497335735,58.01269576758126,4.19389494719834
2002-08-15,-28.786222962786848,25.964984169198807,57.90186748760375,4.536584408913899
2002-08-16,-28.379561562986144,26.745469139067293,58.050361266639825,3.968024362560534
2002-08-17,-30.065638766269085,25.026332689988013,58.32669204921564,2.0936724134984286
2002-08-18,-30.80795888921727,25.868555332978158,57.16386061224196,1.009674502019902
2002-08-19,-31.268538853237274,25.192306885573398,55.440597191844496,1.1506338797160522
2002-08-20,-29.90142305838073,26.416695487690642,55.88668892742732,-0.5504024243761665
2002-08-21,-30.39979947920313,25.913468159066056,55.29121539451974,0.6289090201264025
2002-08-22,-30.541954185340824,26.55088478956778,56.47701112594795,0.3060488361846037
2002-08-23,-31.009827393130138,25.443109114258906,55.269979199654394,-0.06888161804242388
2002-08-24,-32.002782956992405,25.475231422389733,54.233090214453505,-1.2477639429250966
2002-08-25,-31.889603073350365,24.24104607275201,52.45116080609957,-2.254176146433191
2002-08-26,-33.323652510364234,22.638804682375273,53.15088980545687,-1.7477809904834838
2002-08-27,-32.176229693411685,22.135319451745605,52.69055623890547,-2.2804044013791067
2002-08-28,-34.34345237439577,22.230568069786766,53.29671612511303,-2.746623248115134
2002-08-29,-33.41000591276934,20.508674916175906,53.73354139628628,-1.2978837544726998
2002-08-30,-33.637967192511304,24.281794894318658,55.276979281325296,-1.1838346257129717
2002-08-31,-33.55190508872836,24.799178852509296,54.564419055872015,0.08542400774060899
2002-09-01,-34.217516929168774,23.115349278110855,53.90791316732105,-0.20531585109721928
2002-09-02,-33.706910753883726,23.35780583338915,53.78413693948411,0.797858047202239
2002-09-03,-33.65557152708049,23.08978863595004,53.289365597993424,2.0520535803862794
2002-09-04,-34.603736598009796,24.18325484294126,52.90318588922606,1.1625030818592235
2002-09-05,-32.86418058686914,23.54717082428114,53.00418297672914,1.1604356929022415
2002-09-06,-33.43697105058771,24.55356238552954,53.246372490455975,1.2789664286965639
2002-09-07,-34.37051023617027,23.68336411273435,52.262586778532885,2.513277332063443
2002-09-08,-34.10642482103791,24.030319217984378,52.77959654873273,4.178484018140242
2002-09-09,-34.818375788172716,23.009505825131157,52.52266421836673,2.801378953655968
2002-09-10,-34.65076457245481,23.567180765469434,53.13115991714162,2.80364407877354
2002-09-11,-34.433923912455974,24.14490741703894,51.79321913384173,4.2885160605854225
2002-09-12,-35.77833708403074,21.585759531500226,50.90250093355233,4.22745169060503
2002-09-13,-35.2286701175663,20.948414247583024,49.276368467951926,6.752323111096178
2002-09-14,-34.52882076526766,21.09642559523801,48.75318051904076,5.842047764997288
2002-09-15,-33.13887438126495,21.50992305937415,50.846768096982075,5.514740805836901
2002-09-16,-32.44405920893944,21.73592389604514,52.085510066922055,5.061158332996089
2002-09-17,-32.826562685773695,22.018001248976475,54.37763220676607,5.31038902064424
2002-09-18,-30.734726271176267,21.302114577702458,53.29361631146371,5.239577140048666
2002-09-19,-29.624046699588355,21.32738309056203,55.23283429101267,6.277384334088909
2002-09-20,-30.351006490791566,23.108585156203393,53.97567478362947,6.558338822673067
2002-09-21,-28.829604331969804,22.921742653879132,53.788328599913775,7.660319015576526
2002-09-22,-27.77654905835911,21.63081506565142,56.30016161527643,7.620837627394035
2002-09-23,-28.34838317085753,20.314918869331798,57.2295541600668,8.925482942073138
2002-09-24,-28.345858090616886,20.755148329219423,58.07677955966998,9.36949624722592
2002-09-25,-27.764655270929108,20.740604317806202,57.61267352380616,9.078080467070968
2002-09-26,-27.360072247190875,21.39775863071955,56.88834241008407,9.574656747125537
